<?xml version="1.0" encoding="UTF-8"?>
<project-private xmlns="http://www.netbeans.org/ns/project-private/1">
    <editor-bookmarks xmlns="http://www.netbeans.org/ns/editor-bookmarks/2" lastBookmarkId="0"/>
    <open-files xmlns="http://www.netbeans.org/ns/projectui-open-files/2">
        <group>
            <file>file:/C:/Users/Duane/OneDrive/Documents/NetBeansProjects/12-Inheritance/Practices/Practice2/12-UsingInheritance_Practice2/src/soccer/GameEvent.java</file>
            <file>file:/C:/Users/Duane/OneDrive/Documents/NetBeansProjects/12-Inheritance/Practices/Practice2/12-UsingInheritance_Practice2/src/soccer/Game.java</file>
            <file>file:/C:/Users/Duane/OneDrive/Documents/NetBeansProjects/12-Inheritance/Practices/Practice2/12-UsingInheritance_Practice2/src/soccer/Possession.java</file>
            <file>file:/C:/Users/Duane/OneDrive/Documents/NetBeansProjects/12-Inheritance/Practices/Practice2/12-UsingInheritance_Practice2/src/soccer/Goal.java</file>
        </group>
    </open-files>
</project-private>
